Actual,Predicted,Lower_Bound,Upper_Bound,Interval_Width,Within_Interval
520.0,538.6241,519.4464,702.4406,182.9942,True
1327.99,1315.8298,1021.06604,1345.1195,324.05347,True
1511.53,1336.2455,894.99976,1773.5033,878.50354,True
840.0,871.39716,836.4896,923.6992,87.209595,True
1245.0,1143.3142,1011.1538,1212.53,201.37622,False
1210.0,1163.4585,1019.42773,1165.3806,145.95288,False
495.0,566.6135,486.5302,609.35535,122.825134,True
520.0,610.70245,519.5633,704.0455,184.48218,True
931.12,866.3313,894.99976,975.15247,80.15271,True
520.0,543.3783,519.85266,715.29156,195.4389,True
795.0,819.3476,254.03922,1066.7407,812.70154,True
1695.0,2006.7489,1472.7522,2536.7336,1063.9814,True
517.92,717.1007,505.90054,981.5514,475.65085,True
895.0,1133.838,894.99976,1390.3284,495.3286,True
524.25,570.6345,519.3703,712.60266,193.23236,True
690.0,1225.914,723.5613,2173.1726,1449.6113,False
495.0,549.94354,513.74615,709.4787,195.73254,False
865.0,805.1432,777.89233,852.4407,74.54834,False
260.0,392.3552,254.86572,346.81967,91.95395,True
890.0,897.4515,804.01105,911.92255,107.9115,True
1320.0,1373.0629,894.99976,1365.6602,470.6604,True
1167.0,1210.0415,861.65796,1251.7368,390.07886,True
260.0,211.03113,258.68655,413.5363,154.84973,True
840.0,846.19794,873.307,936.2252,62.918213,False
520.0,470.3159,519.661,709.2437,189.5827,True
520.0,528.26483,519.80505,707.7038,187.89874,True
688.4300000000001,574.1775,607.29443,826.8939,219.59949,True
1995.3,1452.5002,1039.3693,1961.1882,921.819,False
1245.0,1183.9949,1011.1538,1235.1586,224.00476,False
975.77,1579.9747,881.7104,1497.4263,615.7159,True
695.0,553.33276,530.6621,783.042,252.37988,True
690.0,711.9499,602.3095,846.4675,244.15802,True
570.0,633.3026,571.3957,597.72345,26.327759,False
1153.0,1229.488,894.72363,1249.0416,354.318,True
681.0,801.01715,702.7454,865.02606,162.28064,False
865.0,814.9911,800.228,868.2124,67.984375,True
1270.0,1321.1317,885.05835,1286.1633,401.10498,True
706.0,776.3019,693.7628,898.803,205.04016,True
2125.0,2558.8987,894.99976,2167.3252,1272.3254,True
1074.35,1067.0486,1011.1538,1198.9073,187.75354,True
280.0,176.14073,677.09894,461.93436,-215.16458,False
1316.88,1593.703,1031.0078,1394.2733,363.2655,True
895.0,857.47845,894.99976,947.8621,52.862366,True
1627.0,2108.854,1031.0078,2032.2136,1001.2058,True
1390.0,1415.7797,894.99976,1511.487,616.4873,True
950.5,1286.9062,700.699,1272.7693,572.0703,True
448.0,382.03403,445.7173,464.13776,18.420471,True
240.0,347.58093,286.4204,594.7017,308.2813,False
895.0,1192.7394,888.5885,936.4739,47.885376,True
240.0,313.8098,240.00006,340.15643,100.15637,False
720.0,731.34406,570.39435,886.7656,316.37128,True
2990.0,2439.872,894.99976,2819.2388,1924.239,False
950.0,1069.1924,979.7258,1111.3776,131.65173,False
990.0,1535.0436,836.0552,1905.0068,1068.9517,True
642.75,755.94934,619.1678,883.84717,264.67938,True
1829.2,1930.0729,1031.0078,1949.7856,918.77783,True
520.0,488.63974,516.57806,705.73193,189.15387,True
789.0,684.4834,779.2564,793.82605,14.569641,True
808.2,945.37354,806.7956,1009.43585,202.64026,True
1472.0,1356.1537,910.16254,1984.6255,1074.4629,True
1707.0,1512.8372,645.70984,1701.1025,1055.3927,False
780.0,716.81177,531.9291,798.58936,266.66028,True
520.0,499.53595,519.6123,709.7173,190.10498,True
688.4300000000001,597.6714,607.3563,823.92523,216.56891,True
520.0,588.2552,519.82355,706.706,186.88245,True
495.0,1366.5983,645.7223,1668.5045,1022.7822,False
1390.0,1976.5264,894.99976,1603.9606,708.9608,True
240.0,284.70786,240.00006,340.17453,100.17447,False
1215.0,1117.4908,998.34357,1244.2948,245.95123,True
2232.0,1708.9614,894.99976,2261.601,1366.6013,True
270.0,321.94556,261.24384,374.33643,113.09259,True
840.75,774.5002,776.09955,832.5305,56.43097,False
728.0,699.84766,526.0045,708.73016,182.72565,False
1025.0,999.9043,937.9409,1144.2755,206.3346,True
495.0,468.35352,495.21695,604.9554,109.738434,False
1088.64,1203.3729,1011.1538,1141.1404,129.98657,True
1515.0,1507.8834,933.5105,1530.5479,597.03735,True
2125.0,2886.1375,894.99976,2546.4443,1651.4446,True
767.0,842.54205,740.3462,930.6763,190.33008,True
1286.92,1328.7919,1031.0078,1368.4705,337.46265,True
520.0,483.4812,511.88348,707.9264,196.04291,True
808.0,1037.7681,805.08154,1038.9354,233.85388,True
1107.0,1132.0696,893.9412,1224.5387,330.59747,True
1020.0,964.073,945.62823,1886.7064,941.0782,True
1170.0,1138.8881,1011.1538,1173.6315,162.47766,True
895.0,952.6626,894.99976,946.66724,51.66748,True
520.0,855.262,544.85614,925.1901,380.33398,False
240.0,245.57603,240.00006,421.33694,181.33688,False
767.5,1034.3015,785.8975,1689.4814,903.5839,False
520.0,586.28687,519.7584,698.3704,178.612,True
1675.0,1904.5376,1011.1538,1905.4967,894.3429,True
950.0,1937.9304,1234.391,2233.8386,999.44763,False
832.0,901.5867,834.5947,995.0496,160.4549,False
1142.3,1244.5051,1011.1538,1209.2692,198.11536,True
1270.0,1279.1816,894.99976,1285.6733,390.67358,True
520.0,562.19543,519.9608,712.947,192.9862,True
834.35,842.96063,719.55695,873.1808,153.62384,True
830.0,832.8617,663.8014,843.2458,179.4444,True
1185.0,1319.2341,1031.0078,1334.007,302.99915,True
1324.24,1346.1168,1031.0078,1344.6841,313.67627,True
965.0,796.6694,857.8221,946.71124,88.88916,False
840.0,822.2044,840.00024,902.35376,62.353516,False
908.16,932.9589,775.55554,970.6322,195.07666,True
753.5,777.8848,707.8967,899.3885,191.49176,True
1419.5,1589.1257,969.7843,1488.4834,518.6991,True
2036.44,1743.5443,1248.3379,2359.8552,1111.5173,True
967.87,1129.6649,881.52136,1155.6157,274.09436,True
1370.0,1320.9459,758.2155,1725.9259,967.7104,True
3726.57,3740.7573,1022.4269,3923.5825,2901.1558,True
495.0,474.67676,490.8688,610.7648,119.895966,True
1855.0,1556.1173,1014.5153,1331.2272,316.71185,False
914.0,1102.8495,931.52966,1100.8936,169.36389,False
624.0,725.9782,520.1511,858.4128,338.26166,True
495.0,586.5138,493.27228,606.00903,112.736755,True
1500.0,1590.9813,939.85156,2392.1963,1452.3447,True
1125.0,1002.63367,783.6464,1660.4182,876.7718,True
895.0,885.7652,894.99976,959.59503,64.595276,True
1120.0,893.5256,850.70825,1292.1191,441.4109,True
992.2,548.682,493.09348,611.9168,118.82333,False
821.64,650.07855,560.19714,896.5817,336.38458,True
3610.94,2944.5503,1031.0078,3844.0203,2813.0125,True
895.0,909.46356,894.99976,935.49054,40.490784,True
1115.0,1055.9518,1011.1538,1124.1417,112.987915,True
1099.0,1157.4462,1011.1538,1174.6064,163.45264,True
840.0,800.2101,837.5814,890.2218,52.64038,True
1700.0,1527.4556,894.99976,1747.3849,852.38513,True
895.0,959.82556,894.99976,954.447,59.447266,True
1854.0,1441.3562,894.99976,1873.2097,978.20996,True
498.78,575.51544,474.06992,613.14594,139.07602,True
520.0,519.92896,515.87726,713.8792,198.00195,True
3427.0,2746.31,1011.1538,3174.9905,2163.8367,False
1830.0,1656.0474,1031.0078,1827.7429,796.7351,False
984.0,884.58044,824.5991,1010.51685,185.91772,True
734.4,1030.9664,647.0923,1589.548,942.4557,True
1145.0,1122.4369,1011.1538,1150.4163,139.26245,True
4034.0,2756.947,1011.1538,3722.277,2711.1233,False
1150.5,966.82025,894.99976,1000.62354,105.62378,False
2566.0,2075.2664,877.22015,2328.0364,1450.8162,False
950.0,991.4611,818.8798,1324.7802,505.90033,True
495.0,597.4426,484.75327,600.4558,115.702545,True
520.0,518.56836,519.3395,707.8655,188.526,True
1808.0,1822.7703,787.12726,1684.4956,897.36835,False
847.4,895.2969,717.2166,1146.8235,429.60687,True
3650.0,2679.3992,972.4291,3399.696,2427.267,False
851.0,868.9245,763.37054,860.0293,96.65875,True
1473.6,1708.9861,1271.6147,1989.4283,717.8136,True
1520.0,1373.022,942.39984,1928.378,985.9782,True
973.12,965.5341,894.99976,969.6227,74.622925,False
905.0,1050.5178,894.99976,967.2766,72.276855,True
1411.25,1460.4761,894.99976,1414.9585,519.95874,True
2911.39,2909.5898,1011.1538,2878.4524,1867.2986,False
950.0,989.47186,979.7258,1097.4894,117.76355,False
1675.0,1672.3052,1021.06604,1721.9451,700.879,True
520.0,534.1812,520.2304,706.3033,186.07288,False
1160.0,959.1779,791.65137,1079.2758,287.6244,False
645.98,665.6463,545.4863,771.97754,226.49121,True
1868.49,1761.3961,1011.80316,1911.0664,899.26324,True
904.5,641.8363,515.05786,817.5804,302.52252,False
2195.0,2351.6143,894.99976,2573.9565,1678.9568,True
895.0,851.3941,894.99976,946.3087,51.30896,True
885.2,892.8587,804.03687,1002.098,198.06116,True
1225.0,1320.6934,1011.1538,1311.9075,300.75366,True
495.0,524.48096,494.84628,610.6395,115.79324,True
240.0,267.94513,240.00006,331.2598,91.259735,False
3325.0,3244.2134,1023.4713,3394.5503,2371.079,True
520.0,500.5889,508.11734,707.8717,199.75436,True
1167.0,1235.369,1111.8756,1446.6505,334.7749,True
1020.0,905.7193,836.0559,1126.322,290.2661,True
845.0,956.1217,537.33374,962.553,425.21924,True
240.0,135.46672,240.00006,420.1754,180.17535,False
1170.0,1049.4717,590.6036,963.3126,372.70905,False
495.0,517.42224,487.89825,608.61664,120.71838,True
495.0,589.69604,493.9452,608.77203,114.82684,True
2739.38,2313.613,2739.379,2922.0505,182.67163,True
914.0,1144.9994,913.99994,1110.9202,196.92023,True
3726.57,3380.8813,977.9931,3650.7827,2672.7896,False
4345.0,3426.9912,894.99976,4071.1035,3176.1038,False
1939.75,2004.4678,1031.0078,2465.8508,1434.843,True
2557.0,2158.1213,749.1154,2271.536,1522.4204,False
1114.0,1146.5056,1011.1538,1128.3783,117.22449,True
1570.58,1690.0735,894.99976,1899.3011,1004.3014,True
1470.0,1299.9751,1031.0078,1504.0011,472.9933,True
520.0,557.36646,519.3321,711.1985,191.8664,True
1265.0,1134.868,976.1255,1256.8137,280.68823,False
895.0,925.7716,894.99976,949.9939,54.99414,True
3188.79,2805.763,1001.2123,3213.8687,2212.6562,True
895.0,913.9032,894.99976,942.22327,47.22351,True
1855.03,1680.4691,894.99976,1814.2882,919.28845,False
789.0,660.1111,515.4696,817.6158,302.14618,True
830.0,822.0264,664.08417,885.3363,221.25214,True
1358.3,1438.1938,1031.0078,1472.6187,441.61084,True
307.76,325.8562,302.78537,423.07016,120.28479,True
2858.9700000000003,2298.0242,1004.74255,2540.7112,1535.9686,False
575.0,790.4231,559.2677,728.1005,168.83282,True
1969.4,1840.5835,1031.0078,1835.0642,804.0564,False
1059.5,974.5798,897.6296,1012.5915,114.961914,False
690.0,1289.1749,724.1632,2176.713,1452.5497,False
895.0,873.58606,894.99976,950.213,55.213257,True
520.0,520.1058,514.8047,714.47327,199.66858,True
520.0,555.82886,519.98615,715.5826,195.59644,True
1430.0,1627.4758,894.99976,1745.8702,850.8705,True
1400.9,1567.096,935.3263,1371.615,436.2887,False
847.5,1073.3606,873.8685,1083.2892,209.42065,False
495.0,454.44318,486.81177,611.6972,124.88544,True
1120.0,971.6096,640.9386,1105.3345,464.39587,False
534.0,401.65866,454.3464,560.3576,106.0112,True
940.0,1118.3398,616.2274,917.57355,301.34613,False
1417.04,1437.4437,1232.9775,1420.5134,187.53589,True
260.0,291.3332,253.64241,329.69452,76.05211,True
460.0,325.94568,433.12332,461.49017,28.366852,True
965.0,1009.99786,933.5105,1110.573,177.0625,True
1425.0,1322.3795,944.70264,1548.8491,604.1465,True
462.29,289.296,462.28986,506.96188,44.672028,True
1054.28,1165.2069,905.2659,1073.3116,168.04572,True
1615.0,2110.8792,977.0891,1739.8152,762.7261,True
1996.0,2002.3555,1346.7313,2577.9915,1231.2601,True
895.0,830.4722,894.99976,947.3008,52.301025,True
1411.25,1543.4867,894.99976,1407.7493,512.7495,False
940.0,1164.5758,836.13434,1324.6714,488.53705,True
895.0,1302.7748,894.99976,944.6143,49.614563,True
1390.0,1666.3296,922.302,1649.9426,727.6406,True
895.0,1484.112,894.99976,2334.5454,1439.5457,True
320.0,352.79486,315.49872,892.66895,577.1702,True
895.0,898.9449,894.99976,942.02655,47.026794,True
1320.0,1453.4657,587.906,1886.1174,1298.2114,True
1671.0,1741.5997,1011.1538,1651.5204,640.3666,False
2190.0,2360.927,894.99976,2848.1365,1953.1367,True
735.0,762.8097,690.23553,865.02,174.78448,True
1330.0,1239.6913,903.2737,1311.256,407.9823,False
1965.0,2091.944,865.9426,2249.0754,1383.1328,True
1220.0,1337.6323,704.2838,1507.9983,803.7145,True
2557.0,2351.1987,747.7158,2173.533,1425.8171,False
1787.5,1859.2953,1039.2812,2162.6633,1123.3821,True
895.0,1040.9906,888.5885,944.26605,55.67755,True
628.0,1000.35956,524.12976,1019.49493,495.36517,True
240.0,265.13693,240.00006,426.6102,186.61014,False
260.0,248.92604,253.5317,340.28152,86.74983,True
495.0,503.39716,493.5101,607.9746,114.46451,True
2145.0,2148.355,894.99976,2723.1946,1828.1948,True
260.0,675.507,233.45943,854.46954,621.01013,True
496.66,856.835,526.83075,852.7965,325.96576,False
840.0,887.0645,840.00024,894.86456,54.86432,False
698.47,636.4206,503.61725,659.0321,155.41486,False
303.0,384.4606,282.2685,486.3161,204.0476,True
1045.0,632.76276,651.384,837.98334,186.59937,False
1340.0,1371.9943,944.41785,1491.9485,547.53064,True
865.0,865.2316,769.89185,850.6256,80.733765,False
545.0,534.62964,522.43176,647.4803,125.04852,True
495.0,447.5413,490.90012,616.9309,126.03079,True
920.0,855.53973,817.59503,919.5167,101.92169,False
920.0,831.36145,840.33905,1126.9823,286.64325,True
1515.0,1570.1044,933.5105,1469.6799,536.16943,False
1161.0,1125.3323,988.495,1171.7211,183.22607,True
1190.0,1063.401,1011.1538,1147.0831,135.92932,False
800.0,786.4017,799.37213,840.6627,41.29059,True
847.5,1023.8532,861.4118,1152.3693,290.95746,False
890.0,911.50366,892.80414,1126.8162,234.01202,False
994.8,1026.6108,1034.4808,1041.494,7.0131836,False
781.2,898.21686,783.74164,941.30634,157.5647,False
470.43,375.6808,430.86255,426.82547,-4.037079,False
1012.5,1075.0782,979.7258,1190.7726,211.04675,True
600.8,703.7017,582.58655,880.5241,297.93756,True
935.3,907.4184,803.6249,1053.548,249.9231,True
990.0,516.2609,483.56403,1174.6804,691.1164,True
910.0,890.3162,814.5883,1005.1532,190.56488,True
945.0,997.836,933.5105,1111.5956,178.08508,True
895.0,929.33026,894.99976,933.6812,38.681458,True
495.0,497.43936,487.89246,610.17505,122.28259,True
317.5,1226.2672,306.7049,1526.5326,1219.8276,True
1340.29,1436.4113,1031.0078,1402.4514,371.4436,True
1529.0,1786.0255,894.99976,1800.7726,905.7728,True
495.0,498.65015,485.65433,598.66095,113.00662,True
1570.4,1496.0797,919.0396,1616.3091,697.2695,True
1775.0,1808.0952,918.5059,1787.1957,868.68976,True
910.0,913.4586,799.1901,1008.9187,209.72858,True
495.0,582.679,544.7439,784.8242,240.08032,False
1172.95,1065.6906,1030.7777,1159.9557,129.17798,False
1546.7,1349.6998,672.9679,1834.7904,1161.8225,True
520.0,528.0684,518.6963,696.71155,178.01526,True
2280.0,2873.9534,1011.1538,2982.0105,1970.8567,True
1002.97,1013.86414,894.99976,981.2522,86.25244,False
520.0,523.5954,518.8893,701.4767,182.5874,True
2494.0,1875.4482,934.7632,2038.0057,1103.2426,False
985.0,1011.51154,899.81696,1114.6979,214.88092,True
840.0,959.9802,840.00024,899.284,59.283752,False
945.0,1087.9136,933.5105,1016.7532,83.242676,True
1335.0,1461.8784,1031.0078,1491.1577,460.1499,True
695.0,722.13525,531.0852,778.65643,247.57123,True
852.0,872.1924,716.8616,907.201,190.33942,True
260.0,262.26376,253.50421,368.208,114.7038,True
623.08,620.1218,530.625,722.61664,191.99164,True
639.99,717.2003,631.44293,882.3377,250.89478,True
1301.0,1193.4869,1011.1538,1314.0312,302.87744,True
520.0,529.40674,519.27014,700.1691,180.89899,True
795.0,867.15155,838.57043,944.79877,106.22833,False
725.0,898.3148,768.64984,965.32446,196.67462,False
1500.0,2119.5327,894.99976,2820.9255,1925.9258,True
860.0,955.8814,819.1158,905.7739,86.65814,True
1252.85,1456.2902,888.4051,1351.3599,462.95477,True
1029.0,989.48334,1011.1538,1142.1334,130.97961,True
757.0,742.0173,742.58246,745.1024,2.5199585,False
973.12,1011.14,932.2434,1207.385,275.1416,True
2771.0,2540.183,1017.42114,2956.43,1939.0088,True
895.0,1358.0747,894.99976,2301.0671,1406.0674,True
495.0,501.32065,492.71002,601.8746,109.16455,True
2540.0,1868.3022,1109.9995,2569.7285,1459.729,True
2603.46,2342.4902,1017.42114,2575.036,1557.6147,False
1271.5,2831.0205,1011.1538,1297.8541,286.70032,True
1135.0,1210.0187,1011.1538,1137.8551,126.701294,True
520.0,585.32776,520.0863,701.47723,181.39093,False
495.0,504.73434,493.4529,607.02264,113.56973,True
570.0,638.9298,602.48773,818.0791,215.59137,False
895.0,1162.9915,894.99976,979.35004,84.35028,True
520.0,593.2215,519.48517,709.98676,190.50159,True
495.0,585.79376,491.92972,607.8773,115.9476,True
789.0,765.19775,787.7419,784.7301,-3.0117798,False
840.0,820.6447,838.82715,905.32996,66.50281,True
834.5,832.21106,803.3285,948.501,145.17249,True
1500.0,2303.9382,894.99976,2763.495,1868.4954,True
1021.0,1090.9421,937.9409,1109.7098,171.76892,True
520.0,452.50787,517.43195,714.95685,197.5249,True
681.0,704.6086,702.6346,877.1373,174.50275,False
2324.0,1582.3542,867.18823,2172.9985,1305.8103,False
240.0,243.33029,240.00006,333.73978,93.739716,False
2050.0,1566.7788,945.2018,2095.276,1150.0741,True
737.3199999999999,703.1836,765.00745,881.46906,116.46161,False
4346.83,4593.758,1031.0078,4711.931,3680.9233,True
1605.55,1643.9893,894.99976,1985.7725,1090.7727,True
687.56,694.9184,519.7946,773.64264,253.84802,True
1600.0,1628.1968,754.2074,1616.0259,861.8185,True
272.9,296.1731,269.38187,453.6604,184.27853,True
1118.32,1363.7454,997.5967,1255.6567,258.06006,True
1740.0,1581.5284,894.99976,1784.8325,889.83276,True
495.0,732.04193,492.41785,745.6506,253.23273,True
2235.0,2139.7417,979.7258,2259.6665,1279.9407,True
1390.0,1477.492,894.99976,1472.3696,577.3699,True
1245.0,1278.4817,1011.1538,1231.1187,219.96484,False
1750.0,1639.9633,817.657,1747.1965,929.53955,False
780.0,537.40247,517.77594,703.16284,185.3869,False
2127.0,1632.455,953.14825,2033.5115,1080.3633,False
1455.58,1442.1918,1031.0078,1483.3806,452.3728,True
706.0,712.53503,693.52203,883.81537,190.29333,True
990.0,709.9327,410.63354,1227.6992,817.0657,True
753.0,1204.1416,751.47064,928.85333,177.38269,True
260.0,148.49606,254.73746,330.3119,75.57443,True
520.0,524.3494,519.7592,702.9363,183.17706,True
495.0,484.53717,494.0876,604.91626,110.828674,True
2170.0,2032.536,1030.5388,2303.3452,1272.8064,True
260.0,254.46613,257.39273,411.3976,154.00488,True
2279.0,1816.4924,974.18005,2023.7317,1049.5516,False
1012.5,1065.0538,979.7258,1208.65,228.9242,True
520.0,537.0057,517.03394,712.27167,195.23773,True
3055.0,3134.183,1234.696,3206.5872,1971.8911,True
1000.0,1231.6891,836.4372,1560.8201,724.3829,True
1165.0,1100.9581,645.72174,1509.2184,863.49664,True
895.0,808.2738,894.99976,942.59875,47.599,True
261.0,651.35284,254.45575,345.1792,90.72345,True
884.0,841.22955,797.7027,979.78864,182.08594,True
1922.01,1688.2721,894.99976,1769.4373,874.4375,False
520.0,555.9682,517.0388,711.7446,194.70581,True
720.0,822.33136,567.11066,896.7839,329.67322,True
895.0,1053.0272,894.99976,2305.8005,1410.8008,True
1625.0,1443.7677,787.55206,1673.3152,885.7631,True
495.0,1237.5001,645.54944,1689.423,1043.8735,False
992.2,1074.184,598.0724,1156.9257,558.8533,True
1125.0,1161.7645,904.44904,1148.3535,243.90448,True
723.5,777.695,652.6479,952.0892,299.44128,True
1965.0,2074.7944,875.88403,2248.1885,1372.3044,True
2865.0,2309.7285,894.99976,2661.5298,1766.53,False
852.0,826.4733,731.6446,885.1722,153.52759,True
538.5,741.9444,536.8481,837.4737,300.6256,True
950.0,1046.5111,818.8045,1370.9391,552.1346,True
2279.0,2215.4827,974.18005,2256.2795,1282.0995,False
1516.2,1723.5641,797.0715,1961.0468,1163.9753,True
520.0,573.8157,519.56915,712.2187,192.64954,True
2045.0,1825.0546,926.85645,1965.507,1038.6505,False
906.0,1318.3574,696.25635,1450.9028,754.6465,True
260.0,250.32379,252.32773,342.65628,90.32855,True
600.0,542.3369,547.0715,727.9021,180.83063,True
1500.0,1499.2405,1011.1538,2056.8103,1045.6565,True
1379.92,1474.3026,936.79785,1484.6282,547.8303,True
1450.92,1706.47,1031.0078,1460.3599,429.35205,True
260.0,344.89685,252.40126,340.33508,87.93382,True
1099.0,1120.138,1011.1538,1158.3925,147.23865,True
1039.7,1047.2079,1011.1538,1131.2017,120.04785,True
1182.13,1237.6075,542.03546,1247.4298,705.39435,True
795.0,857.8817,718.8089,919.13684,200.32794,True
545.2,832.0935,550.0083,898.19556,348.18726,False
1969.4,1925.8969,1031.0078,1820.846,789.83813,False
840.0,854.1792,811.0697,926.4416,115.37189,True
2295.0,970.41187,888.5885,955.17,66.58148,False
2685.0,2777.5386,1770.5698,3012.866,1242.2961,True
1570.0,1742.1677,943.4356,1921.8721,978.43646,True
495.0,518.64594,493.32614,604.75745,111.431305,True
1121.0,839.39374,730.61487,898.5676,167.95276,False
260.0,264.2292,251.92737,385.70132,133.77396,True
1491.0,1376.0887,894.99976,1439.53,544.5303,False
870.0,941.5751,870.8459,1174.9214,304.0755,False
2125.0,2568.176,894.99976,2479.0952,1584.0955,True
520.0,551.60425,520.4887,748.0716,227.58289,False
720.0,527.17145,470.79758,691.12396,220.32639,False
520.0,544.1756,518.9805,705.4783,186.49774,True
260.0,409.05023,257.66833,422.42407,164.75574,True
5764.3,2841.6504,1031.0078,5669.7656,4638.758,False
1071.0,1393.8676,982.08374,1194.1063,212.02258,True
1768.0,1550.7092,906.1041,1958.904,1052.7999,True
789.0,646.3232,788.0118,786.9944,-1.017395,False
524.25,611.7866,518.4428,887.8116,369.36877,True
840.0,863.31067,838.1875,915.38214,77.19464,True
1895.0,2629.4338,894.99976,2485.9856,1590.9858,True
240.0,185.00078,240.00006,336.9693,96.96924,False
1266.0,1323.8375,1011.1538,1221.8007,210.64685,False
520.0,503.49167,508.46594,711.6069,203.14093,True
1625.0,1619.005,787.5296,1646.5741,859.0445,True
520.0,492.10217,519.47504,707.14233,187.6673,True
1695.0,1650.7173,820.28613,1732.1307,911.8446,True
1260.0,1169.8104,552.55347,1282.9612,730.4077,True
1550.25,1432.5079,1040.6006,1562.736,522.1354,True
895.0,851.08386,894.99976,931.2234,36.223633,True
1327.99,1109.7214,1031.0078,1335.5813,304.5735,True
795.0,1060.974,782.5258,987.26764,204.74182,True
914.0,1113.4679,904.05835,1101.4148,197.35645,True
240.0,217.99533,240.00006,338.89517,98.89511,False
620.94,615.3814,547.0941,801.5426,254.44849,True
1520.0,1477.9636,1041.8353,1547.1855,505.35022,True
1113.7,914.1232,840.89575,1104.6007,263.70496,False
1182.13,1343.658,542.89844,1228.6198,685.7213,True
3210.0,3010.9668,979.7258,3307.9612,2328.2354,True
1843.0,1696.1268,848.6877,1829.0133,980.3256,False
880.0,891.26697,824.1539,917.98663,93.83276,True
520.0,467.21417,517.46466,701.5491,184.08441,True
2495.0,2259.543,888.5885,2579.4592,1690.8707,True
2356.0,1920.0323,1415.6656,2273.359,857.69324,False
1470.0,1433.1067,1017.42114,1523.4144,505.9933,True
1105.0,1232.4927,1011.1538,1277.5287,266.37488,True
739.99,777.1352,719.078,880.55066,161.47266,True
1360.0,1299.7997,1021.06604,1353.9668,332.90076,False
1779.38,1466.8542,836.85504,1688.3159,851.4609,False
575.0,526.3642,561.49365,735.0135,173.51984,True
240.0,181.84782,240.00006,342.73776,102.7377,False
1237.4,1523.3992,1034.4052,1368.9126,334.50745,True
520.0,600.81995,519.4727,711.0609,191.5882,True
1133.0,1125.6735,1011.1538,1144.614,133.4602,True
937.27,892.51447,843.2991,942.7585,99.45941,True
960.0,1207.2869,730.88153,1343.7328,612.85126,True
628.0,609.0224,420.87674,521.76984,100.8931,False
1342.76,965.1353,904.10156,1139.9197,235.81812,False
1390.0,1761.2351,885.05835,1362.1565,477.09814,False
1381.8,1504.751,1024.5964,1467.6404,443.04395,True
895.0,1045.5355,894.99976,948.25635,53.25659,True
800.0,796.7603,787.02655,782.96,-4.0665283,False
1259.0,1123.8715,1011.1538,1208.9952,197.84143,False
595.0,661.4222,526.9614,632.72205,105.76062,True
1829.2,1795.71,1031.0078,1821.8258,790.818,False
1425.0,1269.9075,988.495,1415.7283,427.23328,False
1390.0,1463.6287,885.05835,1377.4702,492.41187,False
1520.0,1505.6757,645.5788,1586.7512,941.1724,True
1524.69,2306.7678,1193.2812,2133.1953,939.91406,True
1195.0,1863.6638,972.4291,2306.3184,1333.8893,True
260.0,291.12042,258.0281,425.80228,167.77417,True
940.0,1215.4954,837.2442,1346.4613,509.2171,True
1965.0,1887.544,875.88403,2316.3005,1440.4165,True
1691.0,1688.8531,1031.0078,1711.5776,680.5698,True
887.2,1082.8574,898.2956,1145.1326,246.83698,False
520.0,544.2301,519.35645,703.9178,184.56134,True
4710.0,4136.666,1031.0078,4711.0293,3680.0215,True
788.28,1547.1508,843.86676,2154.9646,1311.0979,False
905.0,1027.787,894.99976,971.0318,76.03204,True
620.0,610.0436,571.0286,743.8113,172.78265,True
240.0,322.82123,240.00006,415.28018,175.28012,False
240.0,331.38858,240.00006,321.40314,81.403076,False
975.0,879.0205,893.3702,1075.9731,182.60297,True
1860.0,1777.9514,824.12585,1993.7129,1169.587,True
520.0,684.9165,519.23505,713.319,194.08392,True
1445.0,1983.5277,1031.0078,1714.0867,683.07886,True
1459.33,1194.3335,671.2376,1478.2358,806.9982,True
1316.88,1422.38,1031.0078,1397.1859,366.1781,True
4776.969999999999,4468.8237,941.51874,5081.0913,4139.5728,True
729.0,1007.59064,725.36237,2001.003,1275.6406,True
520.0,568.0184,519.19855,705.5276,186.32904,True
564.9,620.25977,517.6811,768.2205,250.53943,True
1470.0,1444.6469,1017.42114,2122.905,1105.4839,True
2134.43,2656.9192,1031.0078,2763.812,1732.8042,True
795.0,816.16455,719.40186,919.49194,200.09009,True
840.0,848.7954,838.6889,896.32745,57.63855,True
520.0,555.0613,519.9038,713.48267,193.57886,True
520.0,533.97876,519.6607,711.0096,191.34888,True
520.0,523.2109,519.21515,710.89197,191.67682,True
1720.0,1765.4307,1049.5428,2172.237,1122.6942,True
520.0,410.97928,519.75757,701.08673,181.32916,True
895.0,775.2666,808.8297,880.03284,71.203125,False
840.0,935.08105,813.79803,1299.7677,485.96967,True
520.0,546.5299,520.42676,713.725,193.29822,False
780.0,905.64435,530.1384,784.162,254.02356,True
1295.0,1227.9208,1212.8097,1293.1536,80.34387,False
1668.0,1674.3633,913.1277,1765.0961,851.9684,True
959.8,899.7978,885.05835,996.21936,111.16101,True
1410.0,1570.452,1021.2925,1993.2867,971.99426,True
840.0,914.2911,836.63403,931.8469,95.21289,True
950.55,900.1419,935.3263,1007.03595,71.709656,True
524.6,551.0024,493.0543,609.7324,116.67813,True
3420.92,3387.7363,1011.1538,3462.254,2451.1,True
1446.14,1339.4249,979.7258,1417.3217,437.59583,False
2469.7200000000003,2130.7278,1011.1538,1590.0514,578.8976,False
1138.8,1218.748,519.21246,1153.2437,634.0312,True
448.0,412.07166,452.4388,583.5787,131.13986,False
1708.0,2120.7866,1251.1097,2458.0947,1206.985,True
1152.4,1065.1855,1011.1538,1143.3005,132.14673,False
2767.0,2779.0771,1293.3314,2752.0583,1458.7269,False
2827.6,2758.5315,1179.0781,2903.3284,1724.2502,True
260.0,219.44348,254.9546,338.44037,83.48576,True
895.0,1163.1766,885.05835,1386.4164,501.35803,True
994.68,1100.4795,979.7258,1101.3306,121.60474,True
1390.0,1190.7574,708.95087,1413.4266,704.47577,True
731.0,783.63403,687.61426,892.7007,205.08643,True
640.0,1617.9893,673.2367,1893.6355,1220.3988,False
495.0,527.5869,487.74268,614.4833,126.7406,True
2235.0,2477.7073,979.7258,2555.7368,1576.011,True
412.5,530.6516,418.8062,571.549,152.7428,False
781.2,852.2991,783.8144,966.26276,182.44836,False
427.0,584.22986,524.4063,658.3612,133.9549,False
495.0,598.7438,492.84048,606.4402,113.5997,True
997.81,1280.9419,864.10077,1067.9929,203.89215,True
3065.0,3452.868,1021.06604,3459.7183,2438.6523,True
906.0,1469.905,861.4466,1476.6924,615.2458,True
1626.0,1459.1482,1149.6719,1537.8654,388.19348,False
1622.24,1767.067,911.2775,1690.0457,778.7681,True
895.0,953.00037,894.99976,947.94055,52.940796,True
520.0,536.9731,519.47296,707.3538,187.88086,True
1114.6,1085.6184,1011.1538,1160.5704,149.41663,True
1381.8,1300.8107,1021.06604,1367.804,346.7379,False
1473.6,1202.0198,831.28613,958.9588,127.67267,False
655.0,679.8778,754.36176,757.5173,3.1555176,False
1620.0,2007.1276,1330.0287,2240.621,910.5924,True
2270.0,2557.7659,894.99976,2786.0745,1891.0747,True
728.0,717.64575,525.8403,745.8862,220.04596,True
2270.0,2588.887,894.99976,2898.5598,2003.56,True
1301.0,1232.5708,1011.1538,1328.9534,317.79956,True
1012.5,1145.5065,979.7258,1186.9232,207.19739,True
1939.75,1571.8285,1031.0078,1917.7906,886.78284,False
1695.0,1814.1686,782.4035,2086.2693,1303.8657,True
2540.0,2480.613,1274.396,2605.0125,1330.6165,True
1039.0,984.8787,988.495,1128.335,139.83997,True
495.0,501.50305,494.29526,609.4388,115.143524,True
895.0,908.26196,894.99976,935.90686,40.907104,True
923.05,1020.862,923.0503,1088.0978,165.04749,False
520.0,890.3342,586.6316,1935.5189,1348.8873,False
1425.0,1457.8392,1039.2812,1767.5522,728.271,True
1324.24,1146.1956,848.1683,1278.8962,430.72797,False
1255.7,1360.0006,1022.6,1281.6833,259.08337,True
901.4,977.8805,898.89233,1060.4412,161.54883,True
260.0,273.47134,257.49106,424.15393,166.66287,True
1410.0,1210.9617,853.0823,1528.4368,675.3545,True
520.0,547.50574,519.5301,702.5488,183.01874,True
3740.0,3249.8628,1031.0078,3851.102,2820.0942,True
1995.3,1312.3049,1064.8851,1983.0833,918.1981,False
260.0,461.9731,258.23523,421.1355,162.90027,True
1170.0,913.12366,569.59265,973.3039,403.71124,False
927.56,866.9435,798.6538,998.7488,200.09497,True
6976.96,6812.416,1076.3927,7031.9707,5955.578,True
495.0,703.7121,523.6633,862.94415,339.28082,False
923.05,866.0143,946.98,1094.5677,147.58777,False
4294.64,3854.7646,1031.0078,4316.116,3285.1084,True
4755.0,4440.1826,894.99976,4804.968,3909.968,True
529.0,513.78894,520.65594,708.0429,187.38696,True
2603.46,2412.5938,1017.42114,2521.2217,1503.8005,False
2786.98,2375.4558,1011.1538,2606.7358,1595.582,False
1179.0,1190.9237,1001.2123,1211.7256,210.5133,True
975.0,1299.8684,838.9516,1654.5591,815.6075,True
3434.0,2468.251,1418.6735,3509.0254,2090.352,True
3165.0,2605.0942,1031.0078,3617.7607,2586.753,True
1390.0,1737.113,894.99976,2889.6816,1994.6819,True
2332.0,1993.5735,894.99976,2262.191,1367.1912,False
1051.5,968.07465,854.6731,1092.0663,237.39319,True
1520.0,1298.3804,646.0438,1585.1967,939.15283,True
565.0,626.6849,542.54504,725.53015,182.9851,True
1573.81,2180.511,935.35486,2023.8058,1088.4509,True
537.0,621.5426,540.2313,750.7173,210.48596,False
884.5,901.73724,814.2518,1044.3817,230.12994,True
2570.0,2403.2847,1699.2269,2794.9438,1095.7169,True
2140.0,1627.94,902.86163,2260.8967,1358.0352,True
3248.7,1980.9956,885.05835,2982.9448,2097.8865,False
705.0,702.40924,516.63715,825.0683,308.43115,True
1469.0,1492.907,1031.0078,1433.152,402.14417,False
1116.0,1414.1217,1122.5123,1149.129,26.6167,False
2640.2,2590.6804,1011.1538,2815.6248,1804.471,True
735.0,738.2864,689.94763,871.9279,181.98029,True
2990.0,2558.744,894.99976,3015.7065,2120.7068,True
767.0,847.4877,740.50885,918.62854,178.11969,True
575.0,615.4772,558.8221,740.4294,181.6073,True
840.0,868.4093,838.467,899.96747,61.50049,True
730.0,732.2278,700.0068,864.93805,164.93127,True
2548.27,2280.3289,808.8932,2642.8867,1833.9935,True
580.0,573.31134,563.4992,844.6362,281.13702,True
1010.0,990.4637,591.2851,1695.0767,1103.7915,True
1800.0,2170.066,1323.6061,2430.6177,1107.0116,True
1826.6,1719.7151,791.9313,2097.581,1305.6498,True
688.4300000000001,592.52094,604.89557,820.50653,215.61096,True
650.0,806.8298,601.22644,1153.4944,552.26794,True
1133.0,1076.8756,1011.1538,1138.7079,127.55408,True
1470.0,1486.5046,1017.42114,1523.762,506.34082,True
895.0,1223.9216,894.99976,1053.5161,158.51636,True
2456.18,2158.695,1109.9995,2436.2761,1326.2766,False
2020.0,1882.93,1092.1351,2145.9019,1053.7667,True
822.44,952.67786,828.90796,1052.0865,223.17859,False
958.7,1756.2039,895.88116,1065.9083,170.02716,True
2030.0,2254.1428,1011.1538,2983.472,1972.3181,True
412.5,501.99686,474.29196,567.25275,92.960785,False
260.0,354.0848,257.91507,426.9956,169.08054,True
1510.0,1626.6626,1017.42114,2334.0083,1316.5872,True
1050.8,999.22687,742.3933,983.43726,241.04395,False
687.56,620.9325,531.1132,772.5258,241.4126,True
1850.23,2035.3052,805.9583,2059.0603,1253.102,True
1720.0,641.2363,545.51294,927.9609,382.44794,False
1595.0,1570.7833,1011.1538,1745.3693,734.21545,True
427.0,562.87415,492.23077,604.8269,112.59613,False
260.0,255.58713,257.32098,424.84186,167.52087,True
663.5,1207.042,767.90466,1334.3853,566.4806,False
1535.0,1676.9132,1031.0078,1651.771,620.7632,True
988.0,1060.7522,987.99976,1103.9985,115.99878,True
1430.0,1383.0654,894.99976,1321.5011,426.50134,False
3590.0,2773.9985,894.99976,3499.1592,2604.1594,False
977.02,1071.2104,848.7407,1097.8181,249.0774,True
840.0,693.03644,841.9238,1319.945,478.02112,False
3060.0,2409.0444,1058.1796,3142.3508,2084.1714,True
1260.0,930.5335,346.16364,1270.2963,924.1326,True
899.0,901.48737,894.99976,950.5932,55.593445,True
495.0,467.2969,491.77643,608.71857,116.94214,True
1469.0,1142.0253,932.2434,1223.6327,291.38928,False
495.0,556.35187,485.06387,598.3444,113.28055,True
1796.0,1916.6083,927.6908,2410.4785,1482.7877,True
1105.8,1200.8118,898.5927,1024.6201,126.027405,False
1491.0,1130.2079,885.05835,1419.9471,534.8888,False
520.0,683.3857,518.9825,832.3019,313.3194,True
1270.0,1290.6908,894.99976,1290.353,395.35327,True
1170.0,1193.7334,1011.1538,1176.4031,165.24927,True
727.8,961.2554,655.1525,978.57056,323.41803,True
1189.0,1099.0431,1011.1538,1150.98,139.82617,False
2195.0,2054.689,894.99976,2592.1848,1697.185,True
989.0,1372.2269,903.7052,1280.4718,376.7666,True
1020.96,1037.7294,1001.85724,1021.55566,19.698425,True
4280.0,743.253,279.5528,4279.998,4000.4453,False
726.0,703.9181,605.84326,861.352,255.50873,True
1620.0,1048.528,589.80005,1643.5372,1053.7372,True
2823.0,2476.5205,1165.1752,2564.3418,1399.1666,False
2854.81,2660.3616,1124.4811,2708.7646,1584.2836,False
260.0,207.55667,254.13623,339.5399,85.403656,True
1980.0,1632.3152,775.4506,2119.6794,1344.2288,True
520.0,666.9111,581.31537,822.2095,240.8941,False
1120.0,994.2846,851.4011,1282.0774,430.67627,True
1914.0,2511.824,994.82043,3319.849,2325.0288,True
520.0,511.1881,519.6607,705.9724,186.3117,True
520.0,528.3449,520.2779,700.1824,179.90448,False
945.0,1018.55554,933.5105,1022.65155,89.14105,True
822.44,893.277,826.8442,1045.849,219.00482,False
4186.0,5775.959,894.99976,5179.295,4284.295,True
495.0,696.9557,497.45346,1529.5323,1032.0789,False
1749.0,1639.1543,1079.3197,1820.0895,740.7698,True
1345.0,1339.2328,1031.0078,1513.5098,482.50195,True
1220.0,693.5446,487.76935,1278.7708,791.0014,True
3428.0,3362.3293,2739.379,3868.4033,1129.0244,True
520.0,563.8597,520.2571,710.5188,190.26172,False
1054.0,1222.4546,979.7258,1185.8009,206.07507,True
1390.0,1570.9702,894.99976,1514.6506,619.6509,True
240.0,218.61496,240.00006,329.92273,89.92267,False
1301.0,1223.3735,1011.1538,1314.833,303.6792,True
812.7,828.60187,523.56384,814.09106,290.52722,True
1355.0,1392.168,1031.0078,1438.4465,407.43872,True
945.0,1121.0546,979.7258,1102.8914,123.16553,False
1254.6,2571.1287,894.99976,2487.7178,1592.718,True
1425.0,1414.4733,988.495,1414.1067,425.6117,False
520.0,465.80542,519.79877,714.20087,194.4021,True
538.5,692.8413,552.7996,692.4175,139.61786,False
877.0,919.0178,839.2127,1010.97424,171.76154,True
3590.0,3025.8555,894.99976,3583.0396,2688.0398,False
1374.4,980.27185,957.58496,1258.9758,301.39087,False
830.0,974.40436,823.55927,1671.7482,848.1889,True
1186.0,1475.4115,892.6777,1733.1155,840.4378,True
520.0,777.42255,582.5482,822.92175,240.37354,False
240.0,300.5269,240.00006,343.30612,103.30606,False
1133.0,1061.8411,1011.1538,1126.0919,114.93811,False
520.0,567.823,515.718,705.9484,190.23041,True
1465.0,1444.8405,1165.6539,1454.1619,288.50793,False
520.0,585.99,519.23425,708.1372,188.90295,True
695.0,816.47375,709.6326,926.00635,216.37372,False
840.75,993.80493,776.06476,846.7168,70.65204,True
520.0,647.647,579.01587,815.8994,236.88354,False
1025.0,2123.923,974.9686,2255.6182,1280.6495,True
520.0,523.7374,515.2001,711.1435,195.94342,True
884.5,894.3784,814.66974,1011.1371,196.46735,True
830.0,888.22125,807.2223,891.8207,84.59839,True
830.0,979.83075,823.38446,1669.9093,846.52484,True
1191.5,1159.4451,1011.1538,1352.7137,341.55994,True
427.0,533.7306,546.56604,640.29047,93.72443,False
1500.0,1506.7334,939.0332,2399.5781,1460.5449,True
2575.0,2486.6821,894.99976,2566.413,1671.4133,False
3427.0,2360.8508,971.162,3103.6926,2132.5308,False
520.0,529.8454,516.63025,712.89435,196.2641,True
932.0,871.99677,814.89954,983.3256,168.42609,True
895.0,933.6001,894.99976,944.7606,49.760864,True
285.0,180.96768,273.1328,376.2308,103.09799,True
2095.0,1804.6965,894.99976,2617.3684,1722.3687,True
1070.0,1080.7136,1011.1538,1133.7073,122.55347,True
4755.0,4348.019,894.99976,5025.5615,4130.5615,True
900.6600000000001,1138.3531,897.6659,1129.5236,231.85767,True
1265.45,1033.7754,1031.0078,1316.2766,285.2688,True
645.98,663.7655,542.83636,779.76935,236.93298,True
1216.0,1396.921,972.291,1745.1438,772.8528,True
495.0,528.85535,491.96497,602.43,110.46503,True
520.0,529.0917,520.03766,714.98553,194.94788,False
808.0,960.9068,805.89856,1077.5524,271.6538,True
800.0,1016.64844,838.53796,1104.6072,266.0692,False
918.8,1034.6896,841.9535,939.0483,97.09479,True
355.0,666.45953,355.31528,1141.0085,785.69324,False
520.0,653.80884,517.29333,838.5947,321.3014,True
570.0,653.9474,602.5192,818.30084,215.78162,False
1103.7,1558.3613,857.77686,1868.7871,1011.01025,True
1298.9,1399.9402,1031.0078,1389.4332,358.4254,True
2042.0,1932.0793,1031.0078,2063.6243,1032.6165,True
3428.0,3476.9893,2739.379,3657.4744,918.09546,True
773.5,761.41516,715.10535,918.5671,203.46173,True
1189.0,1118.4476,1001.2123,1187.9319,186.7196,False
840.0,966.7851,840.00024,984.2548,144.25458,False
1516.99,1504.3162,979.7258,1490.9951,511.2693,False
520.0,534.18054,519.7802,706.89685,187.11664,True
260.0,235.07224,257.917,416.21384,158.29684,True
910.86,987.48444,846.6308,1049.8763,203.24554,True
895.0,884.93713,894.99976,940.3052,45.30542,True
3590.0,3046.6682,894.99976,3367.8057,2472.806,False
1570.4,1518.0819,918.0078,1609.67,691.66223,True
2555.4,2730.7742,954.3264,2647.4265,1693.1001,True
865.0,883.00946,754.3013,953.6128,199.31152,True
1044.5,1102.3737,938.01373,1213.2618,275.2481,True
520.0,564.1719,520.202,716.577,196.375,False
943.9,1144.7013,877.5011,1140.413,262.91187,True
3396.0,3025.6846,1031.0078,3387.6934,2356.6855,False
3490.5,3499.4949,949.0427,4483.758,3534.715,True
723.0,459.5586,318.1954,929.21045,611.015,True
815.0,851.8809,725.6886,893.36224,167.67365,True
520.0,549.9083,519.34406,706.6761,187.33203,True
1390.0,1359.7596,894.99976,1463.1486,568.1488,True
1516.2,1553.673,820.34534,1914.231,1093.8856,True
240.0,404.95795,240.00006,342.898,102.89795,False
495.0,584.40936,516.37286,715.985,199.61212,False
1375.0,1195.58,807.1763,1224.204,417.0277,False
2739.38,2317.3977,2739.379,2995.8708,256.49194,True
6976.96,6921.8184,1076.2621,6969.457,5893.195,False
265.0,271.1833,255.29834,439.94507,184.64673,True
784.44,706.69995,712.57684,802.9928,90.415955,True
520.0,604.4573,520.1045,708.6853,188.58081,False
495.0,472.5595,493.6887,605.8713,112.18259,True
790.0,690.6049,702.3599,849.54425,147.18433,True
520.0,485.65515,518.90796,702.90027,183.99231,True
1813.0,1572.9039,894.99976,1724.849,829.84924,False
950.0,893.3973,817.93805,1063.9564,246.01837,True
1274.2,760.0471,518.79034,930.6604,411.87006,False
2008.0,2028.5153,894.99976,2028.9994,1133.9996,True
1620.0,1218.1084,645.0815,1635.5531,990.4716,True
2286.96,2102.0212,1011.1538,2349.3958,1338.242,True
1465.0,1417.1884,1011.1538,1546.4077,535.2539,True
2890.0,2514.3628,894.99976,2779.5632,1884.5635,False
1390.0,1213.8064,903.2737,1471.945,568.67126,True
717.5,847.6353,808.5132,893.19495,84.68176,False
895.0,852.4372,894.99976,947.4266,52.42682,True
1597.0,1806.94,1234.636,2742.298,1507.6621,True
2733.0,3492.3347,1031.0078,3503.8367,2472.8289,True
1481.5,1636.4835,1031.0078,1529.4164,498.40857,True
520.0,637.94666,520.3605,711.24554,190.88507,False
258.7,249.54942,259.05316,456.8477,197.79453,False
1694.0,1803.6196,1024.5964,2194.7874,1170.1909,True
495.0,563.8233,493.22842,608.9657,115.737274,True
762.75,721.98535,532.4382,751.53,219.09186,False
240.0,224.02762,240.00006,343.70996,103.7099,False
1895.0,2386.936,888.5885,2768.4448,1879.8563,True
735.0,683.44257,714.2815,766.139,51.857483,True
3208.0,2453.4998,943.20667,3356.7468,2413.54,True
740.0,871.1666,701.16064,923.6189,222.45825,True
937.27,1377.6168,841.3652,953.52185,112.15668,True
645.98,790.1213,546.6525,774.9875,228.33496,True
1830.0,1553.2214,1031.0078,1805.5297,774.52185,False
2286.96,2258.7617,1011.1538,2403.4927,1392.3389,True
925.0,853.7645,800.91833,982.5389,181.62054,True
977.02,1124.3348,849.6106,1051.1688,201.55823,True
1768.0,1548.6901,905.38385,1954.806,1049.4221,True
1005.0,652.8381,523.66437,829.0526,305.38824,False
850.7,855.4057,814.2928,1004.06024,189.76746,True
895.0,1476.2083,932.7666,1903.8431,971.07654,False
992.2,951.0734,779.56415,1018.87933,239.31519,True
758.0,626.67566,652.60693,840.14813,187.5412,True
240.0,206.63199,240.00006,337.62643,97.62637,False
985.0,925.23926,969.95825,1108.0155,138.05725,True
530.8,539.88525,568.5768,739.1584,170.5816,False
260.0,175.96207,256.79367,426.91354,170.11987,True
1675.0,1851.5576,1011.1538,1921.6965,910.5427,True
495.0,548.92004,515.4059,707.199,191.79309,False
1225.0,1205.6035,1001.2123,1293.9028,292.69055,True
2308.6,2300.5408,1011.1538,2320.1313,1308.9775,True
873.88,768.24744,623.4209,832.02155,208.60065,False
1624.65,846.0273,531.2186,896.84485,365.62622,False
1134.0,1084.7125,958.05524,1134.2155,176.16022,True
4776.969999999999,4248.0083,940.92316,4802.7593,3861.8362,True
2266.0,1862.7875,948.73645,2016.6023,1067.8658,False
708.76,839.6912,650.77155,876.0154,225.24384,True
988.0,994.5952,987.99976,1099.3535,111.35376,True
950.5,1338.4103,695.8885,1283.3788,587.4903,True
1555.0,2032.3026,1011.1538,1769.8386,758.6848,True
910.0,1601.3416,793.71234,1444.6229,650.9106,True
260.0,529.2121,255.65901,332.97717,77.31816,True
1789.0,1625.2715,1017.42114,1916.0139,898.5928,True
495.0,554.9309,493.3354,622.0604,128.72504,True
943.9,1158.6913,877.98267,1165.3652,287.38257,True
700.0,807.87085,627.6098,1214.8949,587.2851,True
895.0,1924.9835,894.99976,1529.4753,634.4756,True
675.0,677.7557,616.56555,841.0253,224.45978,True
455.0,441.313,446.9692,559.63245,112.66324,True
2548.27,2268.4844,801.73004,2593.1086,1791.3787,True
260.0,382.51706,252.29036,384.80405,132.51369,True
895.0,932.30286,894.99976,939.0824,44.08264,True
240.0,171.79181,240.00006,338.31308,98.31302,False
1370.0,1311.9344,678.0033,1663.0554,985.0521,True
690.0,634.89996,604.5105,847.696,243.18549,True
725.0,803.3458,769.4572,940.81537,171.35815,False
745.0,705.4763,714.6107,788.1215,73.5108,True
579.0,676.1581,578.9018,814.2135,235.3117,True
1110.0,973.1978,924.5351,1105.1365,180.60138,False
920.0,1145.0839,843.55475,1039.9285,196.37372,True
1005.0,884.17993,941.32666,1020.4505,79.12384,True
2095.0,2059.1843,894.99976,2636.3616,1741.3618,True
732.5,883.8456,690.52203,897.94385,207.42181,True
1058.55,1009.6485,948.13403,1025.9673,77.83325,False
1047.9,1011.07245,858.2566,1044.0513,185.79468,False
240.0,190.8917,254.147,339.75635,85.609344,False
823.0,778.6047,791.4258,808.10693,16.681152,False
1745.0,1404.4849,1430.3428,1641.0044,210.66162,False
770.0,670.6213,715.2387,791.87537,76.63666,True
260.0,251.5692,253.59558,343.67776,90.082184,True
617.0,545.34607,571.0654,751.0899,180.02448,True
1975.0,1237.735,882.7259,1947.5552,1064.8293,False
885.2,857.6409,803.9247,1007.6164,203.69171,True
520.0,609.7921,519.3311,713.0791,193.74799,True
4421.0,4650.4785,1011.1942,4556.487,3545.2925,True
840.0,853.5708,825.4483,938.03894,112.59064,True
1457.0,1802.7579,1337.7993,2196.599,858.7998,True
1787.5,1852.4117,1039.2812,2145.0798,1105.7986,True
890.0,954.01105,804.4025,914.0179,109.61536,True
895.0,900.5265,894.99976,940.46674,45.46698,True
315.0,359.54477,306.23383,538.0575,231.82367,True
520.0,580.49506,519.4717,838.5405,319.06885,True
1263.5,1043.3774,562.65955,1204.1807,641.5211,False
2120.0,1942.5621,1176.2728,2345.7122,1169.4393,True
844.8,819.802,792.2385,983.78174,191.54321,True
3516.0,3468.157,1031.0078,3816.8489,2785.841,True
1680.66,1782.4076,1001.2123,1778.1155,776.9032,True
1665.0,1614.9005,894.99976,1704.6655,809.6658,True
520.0,566.2149,518.79913,702.4838,183.6847,True
1885.56,2094.9612,1031.0078,2330.9395,1299.9316,True
517.92,651.755,479.15292,994.769,515.6161,True
895.0,988.7824,885.05835,939.8724,54.814026,True
963.0,955.5882,845.27637,943.59924,98.322876,False
520.0,555.2505,520.11115,704.95984,184.8487,False
3195.0,2518.127,894.99976,2575.8064,1680.8066,False
1390.0,1597.8241,894.99976,1492.7356,597.73584,True
957.5,1112.4431,1011.1538,1140.2574,129.10364,False
2290.0,2108.3594,1031.0078,2410.9932,1379.9854,True
1969.4,1670.4323,1031.0078,1774.5717,743.56384,False
449.25,379.19046,442.21335,462.76715,20.553802,True
1797.88,1322.4514,942.6974,1428.5173,485.81995,False
2212.0,2035.1307,894.99976,2928.4578,2033.458,True
994.8,1038.6781,985.95026,1051.4143,65.46405,True
1133.0,1143.0692,932.2434,1332.044,399.80054,True
1311.0,1228.2983,1045.9458,1261.6201,215.67432,False
3195.0,2455.8484,894.99976,2593.361,1698.3613,False
910.0,1179.2045,922.7944,1240.8259,318.03156,False
1254.6,2103.1318,888.5885,2756.2034,1867.6149,True
1795.0,1418.832,894.99976,1813.7009,918.7012,True
1491.0,2376.563,1452.3824,3202.772,1750.3895,True
1395.25,1321.4546,1031.0078,1400.756,369.74817,True
651.0,851.7544,690.0105,862.74506,172.73456,False
495.0,509.51483,507.37833,709.14996,201.77164,False
377.0,476.44193,355.96527,529.1751,173.20984,True
495.0,507.5521,494.75864,607.3948,112.63614,True
1692.0,1719.4316,1011.1538,1445.839,434.68518,False
1270.0,1367.0366,945.5162,1500.4017,554.88556,True
1675.0,1720.2113,1011.1538,1917.8157,906.66187,True
1455.58,1443.3367,1031.0078,1483.7621,452.75427,True
1216.0,1360.2004,1031.0078,1354.8336,323.8258,True
685.0,680.84924,638.5669,839.3795,200.81262,True
2645.0,2723.8577,1031.0078,3109.3308,2078.323,True
1284.0,1343.3224,854.3209,1077.748,223.42712,False
520.0,593.61487,516.4359,726.5718,210.13586,True
1191.5,1189.7222,1011.1538,1366.3469,355.1931,True
1020.0,1293.9757,979.7258,1128.8951,149.16931,True
2712.17,2736.469,1248.286,2807.2366,1558.9506,True
1275.0,1226.4816,744.2363,1277.7175,533.4812,True
1115.5,1131.7068,972.4291,1427.4026,454.9735,True
520.0,710.9497,520.51117,710.21326,189.70209,False
498.78,460.59735,486.88483,601.9725,115.08765,True
495.0,486.16068,490.6907,606.01917,115.32846,True
520.0,461.2181,530.55505,712.7006,182.14557,False
260.0,260.5306,257.34146,416.30502,158.96356,True
470.43,315.25058,430.86255,457.00168,26.13913,False
1020.0,702.39374,512.42896,1206.8923,694.4634,True
2486.79,1971.8352,1402.2225,2477.4768,1075.2543,False
720.0,558.99115,471.06158,682.9768,211.91522,False
1379.92,1413.9991,936.79785,1423.1985,486.40063,True
1409.99,1409.9915,885.05835,1437.1079,552.04956,True
2295.0,2258.4297,894.99976,2834.6992,1939.6995,True
1390.0,1394.362,894.99976,1428.6196,533.6199,True
623.08,661.16724,531.0319,726.02686,194.99493,True
895.0,1125.3792,932.2434,1244.0718,311.82837,False
935.0,1004.442,889.76355,1079.7474,189.98389,True
2061.91,2149.7136,1031.0078,2302.071,1271.0632,True
1115.8,1128.3344,866.1249,1308.1125,441.98767,True
1911.99,2370.69,1031.0078,1936.8698,905.86194,True
1895.0,2069.8145,972.4291,2872.6648,1900.2357,True
2771.0,2563.9387,1017.42114,2956.6597,1939.2385,True
1074.0,955.5334,885.05835,1060.2916,175.23328,False
520.0,598.1612,520.3636,719.50806,199.14447,False
495.0,760.086,485.64246,829.6964,344.05396,True
1437.5,1578.9727,979.7258,1524.891,545.16516,True
520.0,625.8565,514.4214,713.9606,199.53918,True
1255.23,1444.2343,932.2434,1291.2039,358.96045,True
1592.8,1570.5222,920.3366,1580.611,660.27435,False
1906.0,1767.4191,928.8828,2037.9214,1109.0386,True
1060.65,1681.258,923.268,1512.8745,589.6065,True
650.0,866.01,601.4502,1148.6573,547.20715,True
240.0,356.31885,240.00006,433.64496,193.6449,False
980.0,1003.2222,898.6661,1108.3627,209.6966,True
1390.0,1213.189,894.99976,1405.1322,510.13245,True
3198.26,3248.9495,1382.3616,2394.5286,1012.167,False
2502.6,2270.3528,1393.0776,2562.7275,1169.6499,True
982.0,1927.0192,894.99976,2501.2075,1606.2078,True
844.54,948.25354,817.8822,909.1831,91.3009,True
5880.02,5321.1147,1039.2812,6142.109,5102.8276,True
240.0,235.66933,240.00006,329.29422,89.29416,False
1070.0,994.08264,913.994,1210.982,296.98804,True
1005.0,846.9423,933.5113,1008.5947,75.083435,True
769.5,1186.759,776.5636,1574.0443,797.4807,False
1740.0,1657.7926,894.99976,1681.3044,786.3047,False
3020.0,2852.1665,836.30493,3036.8171,2200.5122,True
2640.2,2520.1594,1011.1538,2861.385,1850.2312,True
963.0,837.45294,845.69324,939.4146,93.721375,False
240.0,163.37766,240.00006,334.3207,94.32065,False
1195.0,780.862,828.78485,1437.3391,608.55426,True
1515.0,1245.782,933.5105,1511.0176,577.5071,False
1454.3,1441.9149,891.0225,1513.0786,622.0561,True
631.0,709.3714,593.0155,820.30304,227.28754,True
890.0,1147.9836,892.64,1058.9199,166.2799,False
1170.0,1111.7876,531.2441,1200.4927,669.2486,True
895.0,905.87103,894.99976,936.58093,41.581177,True
690.0,649.17645,615.71704,860.36285,244.64581,True
1429.32,1401.89,885.05835,1414.0134,528.9551,False
4592.0,3029.1858,974.18005,3879.1606,2904.9805,False
240.0,338.43002,240.00006,333.65408,93.65402,False
1575.0,1676.1993,1011.1538,1464.2319,453.07812,False
1550.0,1441.8438,885.05835,1610.5533,725.495,True
495.0,481.5823,494.53568,606.2145,111.6788,True
1239.0,1615.6124,1031.0078,1449.4755,418.46765,True
570.0,548.03815,573.41113,582.08777,8.676636,False
260.0,242.34909,257.6856,428.15997,170.47437,True
1394.21,1505.444,653.85016,1895.188,1241.3379,True
4186.0,4712.828,534.551,3189.6172,2655.0662,False
1775.0,1774.9534,915.99316,1800.0797,884.08655,True
854.0,1122.9409,842.6225,2064.1785,1221.5559,True
1080.0,1071.9698,1011.1538,1127.044,115.89014,True
1025.0,1007.5372,937.9409,1107.5326,169.59167,True
1142.0,1303.2655,1011.1538,1221.2715,210.11768,True
800.0,929.42664,839.47174,1134.5181,295.04633,False
888.1,798.6931,767.82996,945.93353,178.10358,True
946.0,1019.67395,1025.0745,1049.3246,24.250122,False
1195.0,1811.014,972.4291,2330.1467,1357.7177,True
920.0,891.169,817.08795,911.6848,94.59686,False
1110.0,1649.6262,1109.9995,2066.1113,956.1118,True
1056.4,1004.7172,803.9919,1060.5432,256.55133,True
2027.19,2341.738,950.2392,2472.719,1522.4797,True
1130.0,1951.3246,1291.4586,2536.1787,1244.7201,False
840.0,885.34094,840.00024,916.85803,76.85779,False
1622.24,1763.1028,912.56824,1670.473,757.9048,True
780.0,976.0755,532.35675,792.9049,260.54816,True
